{"cameraMode":{"drawMode":0,"name":"Shaded","section":"Shading Mode"},"sceneLighting":false,"audioPlay":false,"sceneViewState":{"m_AlwaysRefresh":false,"showFog":true,"showSkybox":false,"showFlares":true,"showImageEffects":true,"showParticleSystems":true,"showVisualEffectGraphs":true,"m_FxEnabled":true},"in2DMode":false,"pivot":{"x":-1.827432632446289,"y":0.8293790817260742,"z":13.710658073425293},"rotation":{"x":0.3575427234172821,"y":0.04116690903902054,"z":-0.015813810750842096,"w":0.9328851103782654},"size":0.9285708069801331,"orthographic":false}