{"cameraMode":{"drawMode":0,"name":"Shaded","section":"Shading Mode"},"sceneLighting":false,"audioPlay":false,"sceneViewState":{"m_AlwaysRefresh":false,"showFog":true,"showSkybox":false,"showFlares":true,"showImageEffects":true,"showParticleSystems":true,"showVisualEffectGraphs":true,"m_FxEnabled":true},"in2DMode":false,"pivot":{"x":0.1251537799835205,"y":-0.04061281681060791,"z":-0.060022950172424319},"rotation":{"x":-0.19687941670417787,"y":0.6549183130264282,"z":-0.18253062665462495,"w":-0.7064020037651062},"size":2.5774755477905275,"orthographic":false}