{"cameraMode":{"drawMode":0,"name":"Shaded","section":"Shading Mode"},"sceneLighting":false,"audioPlay":false,"sceneViewState":{"m_AlwaysRefresh":false,"showFog":true,"showSkybox":false,"showFlares":true,"showImageEffects":true,"showParticleSystems":true,"showVisualEffectGraphs":true,"m_FxEnabled":true},"in2DMode":false,"pivot":{"x":-0.16008472442626954,"y":-0.024166345596313478,"z":0.0032982826232910158},"rotation":{"x":0.023971570655703546,"y":0.9653803110122681,"z":-0.24178746342658997,"w":0.09479191899299622},"size":2.5416388511657717,"orthographic":false}