{"cameraMode":{"drawMode":0,"name":"Shaded","section":"Shading Mode"},"sceneLighting":false,"audioPlay":false,"sceneViewState":{"m_AlwaysRefresh":false,"showFog":true,"showSkybox":false,"showFlares":true,"showImageEffects":true,"showParticleSystems":true,"showVisualEffectGraphs":true,"m_FxEnabled":true},"in2DMode":false,"pivot":{"x":0.5008432865142822,"y":0.03996025025844574,"z":-18.487401962280275},"rotation":{"x":-0.18878717720508576,"y":-0.006691544782370329,"z":0.0010604446288198233,"w":-0.9819856286048889},"size":0.29181861877441409,"orthographic":false}