{"cameraMode":{"drawMode":0,"name":"Shaded","section":"Shading Mode"},"sceneLighting":false,"audioPlay":false,"sceneViewState":{"m_AlwaysRefresh":false,"showFog":true,"showSkybox":false,"showFlares":true,"showImageEffects":true,"showParticleSystems":true,"showVisualEffectGraphs":true,"m_FxEnabled":true},"in2DMode":false,"pivot":{"x":-0.07962118089199066,"y":0.17887987196445466,"z":-17.59131622314453},"rotation":{"x":0.17967292666435243,"y":0.8152385354042053,"z":-0.33445286750793459,"w":0.43729329109191897},"size":0.7138888239860535,"orthographic":false}