{"cameraMode":{"drawMode":0,"name":"Shaded","section":"Shading Mode"},"sceneLighting":false,"audioPlay":false,"sceneViewState":{"m_AlwaysRefresh":false,"showFog":true,"showSkybox":false,"showFlares":true,"showImageEffects":true,"showParticleSystems":true,"showVisualEffectGraphs":true,"m_FxEnabled":true},"in2DMode":false,"pivot":{"x":-2.3984274864196779,"y":0.6718370914459229,"z":-12.020140647888184},"rotation":{"x":0.3897276222705841,"y":0.18773430585861207,"z":-0.08149009943008423,"w":0.8979189991950989},"size":2.2229583263397219,"orthographic":false}