{"cameraMode":{"drawMode":0,"name":"Shaded","section":"Shading Mode"},"sceneLighting":false,"audioPlay":false,"sceneViewState":{"m_AlwaysRefresh":false,"showFog":true,"showSkybox":false,"showFlares":true,"showImageEffects":true,"showParticleSystems":true,"showVisualEffectGraphs":true,"m_FxEnabled":true},"in2DMode":false,"pivot":{"x":-1.4721224308013917,"y":0.9575881958007813,"z":-16.893760681152345},"rotation":{"x":0.3897276222705841,"y":0.18773430585861207,"z":-0.08149009943008423,"w":0.8979189991950989},"size":1.820178747177124,"orthographic":false}