{"cameraMode":{"drawMode":0,"name":"Shaded","section":"Shading Mode"},"sceneLighting":true,"audioPlay":false,"sceneViewState":{"m_AlwaysRefresh":false,"showFog":true,"showSkybox":true,"showFlares":true,"showImageEffects":true,"showParticleSystems":true,"showVisualEffectGraphs":true,"m_FxEnabled":true},"in2DMode":false,"pivot":{"x":-2.2972187995910646,"y":-14.561345100402832,"z":37.9457893371582},"rotation":{"x":-0.27115389704704287,"y":0.03345296159386635,"z":-0.009505865164101124,"w":-0.9617434144020081},"size":17.947847366333009,"orthographic":false}