{"cameraMode":{"drawMode":0,"name":"Shaded","section":"Shading Mode"},"sceneLighting":false,"audioPlay":false,"sceneViewState":{"m_AlwaysRefresh":false,"showFog":true,"showSkybox":false,"showFlares":true,"showImageEffects":true,"showParticleSystems":true,"showVisualEffectGraphs":true,"m_FxEnabled":true},"in2DMode":false,"pivot":{"x":-0.016386181116104127,"y":0.08816874027252197,"z":-20.132577896118165},"rotation":{"x":-0.2665114402770996,"y":-0.7287981510162354,"z":0.3951247036457062,"w":-0.4915560483932495},"size":0.6531761288642883,"orthographic":false}