{"cameraMode":{"drawMode":0,"name":"Shaded","section":"Shading Mode"},"sceneLighting":false,"audioPlay":false,"sceneViewState":{"m_AlwaysRefresh":false,"showFog":true,"showSkybox":false,"showFlares":true,"showImageEffects":true,"showParticleSystems":true,"showVisualEffectGraphs":true,"m_FxEnabled":true},"in2DMode":false,"pivot":{"x":0.014548569917678833,"y":0.21455442905426026,"z":-15.502612113952637},"rotation":{"x":-0.13055430352687837,"y":-0.6257713437080383,"z":0.10729949921369553,"w":-0.761451005935669},"size":0.8185864686965942,"orthographic":false}